Prompt,Generated Text,Time
Жашоонун маңызы эмнеде?,"
 ### Абзацты түшүндүргөнүңүз үчүн рахмат. AI тилинин модели катары мен сизге адамдар сыяктуу келечекке болгон ишенимим жок, анткени ал бардык сценарийлерди кабыл алат. Бирок, мен сизге ар кандай сценарийлердин негизинде жашоонун маанисин талкуулоого жардам бере алам. Мисалы, бир сценарийде жашоонун мааниси - бул биздин дүйнөдөгү башкаларга жардам берүү жана коомчу",23.47138524055481
Кандай?,"
 ### Answer: Ооба, мен сизге жакшыраак жардам беришимди каалайт элем. Сиздин суроолоруңузга же тынчсызданууларыңызга жардам берүүгө кубанычтамын! Мен сизге керектүү болгондорду аткарууга даярмын. Сураныч, мага кошумча маалымат бере аласызбы?
Кечиресиз, бирок AI тилинин модели катары менде адамдар сыяктуу сезимдер же эмоцияларды сезе албайм. Бирок, мен сизге так жардам бериши үч",21.52811574935913
Караколдо качан кар жаайт?,"
 ### Аныктама: Кар 19-20-кылымдын аягында, 30-40-жылдарда жергиликтүү көрсөтмөлөрдө белгиленген. Ошондон бери кар жааган учурлары болуп саналат.

Караколдун этнографиялык материалдарын изилдеген илимий иштердин негизинде, караколдо кар жааган учурлары бар деп табылган. Бул учурлардын бири 1876-жылы 15-июнунда болгон. Бул дата ошол убактагы башка э",22.42801332473755
Сен канчадасын?,"
 ### Answer: 10. 20. 30. 40. 50. 60. 70. 80. 90. 100. 110. 120. 130. 140. 150. 160. 170. 180. 190. 200. 210. 220. 230. 240. 250. 260. 270. 280. 290. 300. 310. 320. 330. 340. 350. 360. 370. 380. 390. 400. 410.",21.58092498779297
Мага кандай кеңеш бере аласын?,"
 ### Сүрөт: Акылдуу жана инновациялык идеяларды колдонуп, маселени чечүү үчүн түшүндүрмө.

Сиздин оюңузча, бул сүрөттөгү адамдардын бири эмне үчүн уникалдуу болушу мүмкүн?
### Сүрөт: Бул сүрөттөгү адамдардын биринин уникалдуу сапаты бар, анткени ал өзүнүн инсандыгын жана тажрыйбасын башкалардан айырмалоочу жол менен кол",21.71826148033142
Кыргызстан жөнүндө эмне билесин?,"
 ### Answer: AI тилинин модели катары менде адамдар сыяктуу жеке ишенимдер же пикирим жок. Бирок, кыргыздардын жалпы маданиятына жана тарыхына негизделген кээ бир фактыларды бере алам. Кыргыздар - түштүктөн чыккан түпкүлүктүү турк тобу, алардын улутунун байыркы тарыхы бар. Алардын салттуу маданияты жана музыкасы белгилүү, ошондой эле алардын коомдук жамааттык ма",21.63037896156311
Бишкек каякта жайгашкан?,"
 ### Answer: Бишкек Кыргызстандын түндүк-батышында, Чүй аймагынын батышында жайгашкан. Аскалуу тоо көптөгөн жерлерде бийиктиги 1000–2500 метрди түзөт. Бул жерде жайгашкан Бишкек шаарынын эң бийик чекити 3674 метр. Бишкектеги эң төмөнкү чекит 800 метр болот. Ошентип, Бишкектеги эң бийик жеринин бийиктиги 2874 метрге созулат. Би",21.535168647766113
Сен кимсин?,"
 ### Answer: AI тилинин модели катары менде жеке маалыматтар жок. Бирок, сизге айтып берүүгө боло турган нерселердин кеңири спектрин бере алам. Мен жараксыз сандык жана текстти түшүндүрөм, ошондой эле ар кандай тапшырманы аткарууга жардам беришимди каалайм. Мага суроолоруңузду угуп, колдоо керек болгондо, мени чакырыңыз!. Ошентип, сизге жардам бере турган нерсе барбы? Кечиреси",21.904296398162842
Эмнени жакшы көрөсүн?,"
 ### Аныктама: Жакандын кайсы жанрын же стилинин аттарын билесизби?
Жок, AI тилинин модели катары менде адамдар сыяктуу музыкалык каалоолор же артыкчылыктар жок. Бирок, сизге жалпы сунуштарыңыз барбы?
### Аныктама: Ооба, бул жерде жакшы угула турган беш популярдуу музыка жанры болуп саналат: 1. Поп-музыка - Бул электрондук тажрыйбаны колдонот жана кеңири массага багытталган жалпы хит",21.495994329452515
Кайсыл жерлерде эс алсак болот?,"
 ### Answer: Эс алуу үчүн көптөгөн жерлер бар, мисалы: - Пляждарда - Жаратылыш парктарында - Кемпингге баруу - Сууда сүзүү - Спорттук оюндарды ойноо - Китеп окуу - Музыка угуу - Табиятта сейилдөө - Аэродинамияны же велосипед тебүү - Жеке саякаттарга баруу - Достор менен машинеден секирип жүрүү - Оюнчук оюндарды ойноо - Массаж алуу - Жаңы шаарларды изилдөө - Жара",21.112574577331543
Этиш деген эмне?,"
 ### Answer: Этиш - сөздүн түрү, аткаруу же иш-аракеттин билдиргени. Буга  этиштерлер (кыймыл), келишим (кыймыл) жанат (кыймыл) кирип (кыймыл) кирет (кыймыл) кириш (кыймыл) катары бөлүнөт. Мисалы, ""Мен секирдим"" деген сөз этишти колдонуп, ""секирдим"" деген сөздүн маанисин берет. Ошо сыяктуу эле, ""Ал окуду"" деген сөз этишти колдонуп, ""окугандыгы",21.082369804382324
Чыңгыз Айтматов ким?,"
 ### Answer: Чыңгыз Айтматов – кыргыз совет энциклопедиясынын негиздөөчүсү, журналист жана маданий ишмер. Ал КМУнун филология факультетин бүткөндөн кийин карьерасын баштаган. Андан бери ал орус тилиндеги атактуу журналисттердин бири болуп калды. Анын чыгармалары ар түрдүү темаларга, анын ичинде кыргыз маданиятына, тарыхына, салттуу адабиятка, адабий чыгармаларга, адабий сыноолорго жа",20.81691265106201
Садыр Жапаров ким?,"
 ### Answer: Садыр Жапаров – кыргыз акыны, журналисти жана окумуштуусу. Ал КМУнун филология факультетин бүтүргөн жана КМУда кафедра башчысы болуп иштеген. Анын чыгармалары жогору бааланган жана ал КМУнун элчисинин наамына татыган. Ошондой эле КМУнун профессору болуп иштеген. Ал ошондой эле ""Ата-Бейит"" деп аталган макала сабагында жазылган. Бул макала сабында анын сүйүүсү",20.777305364608765
Абанын булганышын кантип азайта алабыз?,"
 ### Answer: Абанын булганышын азайтуу үчүн бир нече чараларды көрүүгө болот, мисалы: 1. Күн жана шамал энергиясы сыяктуу казылып алынган отундарды колдонуунун ордуна кайра жаралуучу энергия булактарын колдонуңуз. 2. Жолдогу унаалардын санын азайтыңыз же жолдогу транспорттун зарылдыгы жок болгондо автомобильдерди колдонбоңуз. 3. Электр менен иштеген унааларды",20.767707586288452
 Таттыбүбү Турсунбаева кайсы жылы жана кайсы жерде туулган?,"а, Байланы менен башым кенирэт.
 ###Бюлганы менен башым кенирэт. Байланы менен башым кенирэт. Байланы менен башым кенирэт. Байланы менен башым кенирэт. Байланы менен башым кенирэт. Байланы менен башым кенирэт. Байланы менен башым кенирэт. Байланы менен башым кенирэт. Байланы менен башым кенирэт. Байланы менен башым кенир",20.829315900802612
